Dataset_Size,Precision,Recall,F1-Score,Accuracy,Processing_Time_sec
991,0.156,0.01575757575757576,0.028623853211009177,0.8930505050505051,0.18060898780822754
990,0.09090909090909091,0.00927643784786642,0.016835016835016835,0.892637190918283,0.1762244701385498
989,0.06262626262626263,0.006390434961863534,0.011597456041900487,0.8919559972191551,0.18125247955322266
988,0.15151515151515152,0.015460729746444033,0.02805836139169473,0.8936477234349575,0.15314197540283203
987,0.06262626262626263,0.006390434961863534,0.011597456041900487,0.8917368410269019,0.17001795768737793
986,0.06666666666666667,0.006802721088435374,0.01234567901234568,0.8917089678510999,0.15418553352355957
985,0.12525252525252525,0.012780869923727067,0.023194912083800975,0.8927896854726123,0.22180962562561035
984,0.09292929292929293,0.00948258091115234,0.017209128320239433,0.8920229764583782,0.17892932891845703
983,0.06262626262626263,0.006390434961863534,0.011597456041900487,0.891295850562653,0.19011735916137695
982,0.09302325581395349,0.00948258091115234,0.017210738003928538,0.8918131364614545,0.19118833541870117
981,0.15454545454545454,0.015769944341372914,0.02861952861952862,0.8929499072356215,0.23830795288085938
980,0.09393939393939393,0.0095856524427953,0.01739618406285073,0.8916024390998855,0.17502570152282715
979,0.12335692618806876,0.012574726860441147,0.022822935179122626,0.8921009687880853,0.13679051399230957
978,0.15454545454545454,0.015769944341372914,0.02861952861952862,0.8926211966130083,0.11440491676330566
977,0.15454545454545454,0.015769944341372914,0.02861952861952862,0.892511177347243,0.2169513702392578
976,0.12424242424242424,0.012677798392084107,0.023007856341189674,0.8917793317793318,0.17095088958740234
975,0.09090909090909091,0.00927643784786642,0.016835016835016835,0.8909837595669218,0.20211458206176758
974,0.12121212121212122,0.012368583797155226,0.022446689113355782,0.8914945965305677,0.14759349822998047
973,0.15454545454545454,0.015769944341372914,0.02861952861952862,0.892068836513281,0.1269683837890625
972,0.12121212121212122,0.012368583797155226,0.022446689113355782,0.8912711044533908,0.11302590370178223
971,0.06428571428571428,0.0066273932253313695,0.012016021361815753,0.8910162002945509,0.14241433143615723
970,0.09387755102040816,0.009678098043341047,0.017547205798207132,0.8915145005370569,0.17495107650756836
969,0.15219611848825332,0.015674310961498,0.028421554601812112,0.8926146905043009,0.10951614379882812
968,0.09387755102040816,0.009678098043341047,0.017547205798207132,0.8912901251503704,0.14270520210266113
967,0.036734693877551024,0.003787081843046497,0.006866297921037574,0.889994507119618,0.15829968452453613
966,0.12257405515832483,0.012623606143488323,0.0228898426323319,0.8916675478481548,0.1295185089111328
965,0.12257405515832483,0.012623606143488323,0.0228898426323319,0.8915551697857567,0.17254090309143066
964,0.09295199182839632,0.009572901325478646,0.017358130662851693,0.890827982283256,0.20716094970703125
963,0.12142857142857143,0.012518409425625921,0.022696929238985315,0.8912978912978913,0.24052858352661133
962,0.09387755102040816,0.009678098043341047,0.017547205798207132,0.8906113954426724,0.18019890785217285
961,0.09295199182839632,0.009572901325478646,0.017358130662851693,0.8904868197278911,0.12467646598815918
960,0.12142857142857143,0.012518409425625921,0.022696929238985315,0.8909578429912111,0.158341646194458
959,0.09387755102040816,0.009678098043341047,0.017547205798207132,0.8902688424012611,0.2075362205505371
958,0.09499489274770173,0.00978329476120345,0.017739628040057225,0.8901861685112916,0.22866559028625488
957,0.12257405515832483,0.012623606143488323,0.0228898426323319,0.890647681666809,0.20174765586853027
956,0.1217750257997936,0.012671821305841924,0.02295496547028499,0.8915636638419604,0.12652254104614258
955,0.15376676986584106,0.01600085910652921,0.028985507246376812,0.892119993948432,0.14842700958251953
954,0.20536635706914344,0.021370274914089347,0.038712187530395875,0.8930885645979598,0.20629596710205078
953,0.09391124871001032,0.00977233676975945,0.017702558116914693,0.8906371827081349,0.13306498527526855
952,0.09391124871001032,0.00977233676975945,0.017702558116914693,0.8905221850033064,0.1573188304901123
951,0.14963880288957687,0.015571305841924399,0.028207372823655288,0.891578947368421,0.19124746322631836
950,0.12200208550573514,0.012828947368421053,0.0232165889473162,0.8919366877414823,0.18254542350769043
949,0.11991657977059438,0.012609649122807017,0.022819724178986006,0.8917787447257384,0.14099383354187012
948,0.11795407098121086,0.012390350877192983,0.022425084342131377,0.8916314677930306,0.1117243766784668
947,0.20250521920668058,0.021271929824561404,0.03849970232188926,0.8933007399577167,0.12140059471130371
946,0.17536534446764093,0.018421052631578946,0.0333399484024608,0.8926146384479717,0.13849830627441406
945,0.12004175365344467,0.012609649122807017,0.022821988489779715,0.8913312146892656,0.13448810577392578
944,0.17640918580375783,0.018530701754385964,0.03353840047628498,0.8924089784376105,0.11188793182373047
943,0.17745302713987474,0.01864035087719298,0.03373685255010914,0.8923168789808917,0.23916912078857422
942,0.14926931106471816,0.01567982456140351,0.028378646556856516,0.8916046758767269,0.1388092041015625
941,0.1755485893416928,0.018421052631578946,0.03334325692170288,0.8920545212765958,0.14263272285461426
940,0.12108559498956159,0.012719298245614035,0.02302044056360389,0.8907747603833865,0.14266514778137207
939,0.0948905109489051,0.009978070175438596,0.01805734695902371,0.8900919509594882,0.15213537216186523
938,0.17954070981210857,0.018859649122807017,0.03413375669775749,0.8917867307008183,0.16869497299194336
937,0.12108559498956159,0.012719298245614035,0.02302044056360389,0.8904246794871795,0.12741613388061523
936,0.0948905109489051,0.009978070175438596,0.01805734695902371,0.8897393048128343,0.15113472938537598
935,0.11912225705329153,0.0125,0.022625781482584106,0.8901565845824411,0.12859177589416504
934,0.11703239289446186,0.012280701754385965,0.022228837947801925,0.8899941943551268,0.18389654159545898
933,0.11703239289446186,0.012280701754385965,0.022228837947801925,0.8898761623748211,0.15366458892822266
932,0.11703239289446186,0.012280701754385965,0.022228837947801925,0.8897578768349445,0.1713252067565918
931,0.08872651356993737,0.00932017543859649,0.01686842627505457,0.8890232974910395,0.20295405387878418
930,0.08872651356993737,0.00932017543859649,0.01686842627505457,0.8889038392536778,0.13800644874572754
929,0.08872651356993737,0.00932017543859649,0.01686842627505457,0.8887841235632183,0.10029745101928711
928,0.0667361835245047,0.007017543859649123,0.01269967258656613,0.8881809600862999,0.17209243774414062
927,0.0667361835245047,0.007017543859649123,0.01269967258656613,0.8880602051835853,0.20720958709716797
926,0.09290187891440502,0.009758771929824562,0.01766223457035126,0.8885135135135135,0.18932580947875977
925,0.06465067778936393,0.006798245614035088,0.012302807818235938,0.8877728174603174,0.20699286460876465
924,0.12108559498956159,0.012719298245614035,0.02302044056360389,0.8888813651137595,0.1821303367614746
923,0.03854166666666667,0.004057017543859649,0.007341269841269841,0.8869531814895155,0.16409897804260254
922,0.0948905109489051,0.009978070175438596,0.01805734695902371,0.8880632464712269,0.12717819213867188
921,0.06875,0.007236842105263158,0.013095238095238096,0.8873641304347826,0.11139750480651855
920,0.06882168925964546,0.007236842105263158,0.013096537354896319,0.8872529017047516,0.1354539394378662
919,0.14942528735632185,0.01567982456140351,0.028381462736925673,0.8889002360203341,0.19030475616455078
918,0.1232876712328767,0.013101903695408734,0.023686607956270877,0.889284279400792,0.2235431671142578
917,0.12434141201264488,0.013213885778275475,0.023889057596922766,0.8891863939324294,0.1696932315826416
916,0.1232876712328767,0.013101903695408734,0.023686607956270877,0.8890422778257118,0.17507100105285645
915,0.1791359325605901,0.019036954087346025,0.03441643891082094,0.8901416561096396,0.20180678367614746
914,0.15263157894736842,0.016237402015677492,0.02935222672064777,0.8894333314117715,0.19233012199401855
913,0.15263157894736842,0.016237402015677492,0.02935222672064777,0.8893120960295475,0.19098639488220215
912,0.15263157894736842,0.016237402015677492,0.02935222672064777,0.8891905944884164,0.1908872127532959
911,0.18,0.019148936170212766,0.03461538461538462,0.8896703296703297,0.18941855430603027
910,0.18,0.019148936170212766,0.03461538461538462,0.8895489548954896,0.13887643814086914
909,0.18,0.019148936170212766,0.03461538461538462,0.8894273127753304,0.14677119255065918
908,0.12526315789473685,0.013325867861142216,0.02408906882591093,0.8880984158300934,0.16167354583740234
907,0.12526315789473685,0.013325867861142216,0.02408906882591093,0.8879749041477867,0.19093751907348633
906,0.14909478168264112,0.01601464195836193,0.028922631959508317,0.8894910074056659,0.2160477638244629
905,0.1722282023681378,0.018700327255726974,0.03373748023194517,0.8909862974593206,0.18043732643127441
904,0.14316469321851452,0.015544647031323048,0.028044280442804426,0.8902225556389097,0.14427590370178223
903,0.1743810548977395,0.018934081346423562,0.034159198734844486,0.8907922656939179,0.18283605575561523
902,0.14623655913978495,0.015895278167367927,0.028673835125448025,0.8900385473726923,0.19179177284240723
901,0.09032258064516129,0.009817671809256662,0.017710309930423784,0.8886738351254481,0.1805107593536377
900,0.14838709677419354,0.016129032258064516,0.029095509171410502,0.8898417596612724,0.1426994800567627
899,0.11739130434782609,0.012900143334925944,0.023245802841153684,0.8901423453084149,0.12676501274108887
898,0.11739130434782609,0.012900143334925944,0.023245802841153684,0.8900198730066405,0.15193605422973633
897,0.17472527472527472,0.019413919413919414,0.03494505494505495,0.8922929748822606,0.12375926971435547
896,0.14285714285714285,0.015873015873015872,0.028571428571428567,0.8914604948124502,0.1438281536102295
895,0.17472527472527472,0.019413919413919414,0.03494505494505495,0.8920520195687981,0.14269018173217773
894,0.14285714285714285,0.015873015873015872,0.028571428571428567,0.8912174052151656,0.18327903747558594
893,0.11648351648351649,0.012942612942612943,0.023296703296703296,0.8905041147193613,0.19130182266235352
892,0.11648351648351649,0.012942612942612943,0.023296703296703296,0.8903812237145571,0.1587817668914795
891,0.09010989010989011,0.010012210012210013,0.01802197802197802,0.8896653907889863,0.16835737228393555
890,0.09010989010989011,0.010012210012210013,0.01802197802197802,0.8895412798674891,0.19723200798034668
889,0.09010989010989011,0.010012210012210013,0.01802197802197802,0.8894168894168895,0.1425023078918457
888,0.14835164835164835,0.016483516483516484,0.02967032967032967,0.8906054486663281,0.13386940956115723
887,0.14835164835164835,0.016483516483516484,0.02967032967032967,0.8904819785180959,0.14202237129211426
886,0.11648351648351649,0.012942612942612943,0.023296703296703296,0.889638045570249,0.12678122520446777
885,0.14835164835164835,0.016483516483516484,0.02967032967032967,0.8902342001889513,0.14246892929077148
884,0.14666666666666667,0.01647940074906367,0.02962962962962963,0.89120422801057,0.09917807579040527
883,0.14666666666666667,0.01647940074906367,0.02962962962962963,0.8910808767951625,0.08590483665466309
882,0.08222222222222222,0.009238451935081148,0.016610549943883276,0.8894942615714466,0.07906889915466309
881,0.08222222222222222,0.009238451935081148,0.016610549943883276,0.8893686868686869,0.10606765747070312
880,0.08777777777777777,0.00986267166042447,0.01773288439955107,0.8893692327139426,0.13722562789916992
879,0.08777777777777777,0.00986267166042447,0.01773288439955107,0.8892432295621362,0.1376347541809082
878,0.14666666666666667,0.01647940074906367,0.02962962962962963,0.8904599011782592,0.11147475242614746
877,0.09222222222222222,0.010362047440699126,0.018630751964085295,0.889091831557585,0.11113190650939941
876,0.09111111111111111,0.010237203495630462,0.01840628507295174,0.8889396825396826,0.11563253402709961
875,0.12333333333333334,0.013857677902621723,0.024915824915824916,0.8895499618611746,0.09479308128356934
874,0.12111111111111111,0.013607990012484394,0.0244668911335578,0.8893725340460735,0.0925140380859375
873,0.12111111111111111,0.013607990012484394,0.0244668911335578,0.8892456676860346,0.11566901206970215
872,0.12111111111111111,0.013607990012484394,0.0244668911335578,0.8891185100140324,0.14278888702392578
871,0.09111111111111111,0.010237203495630462,0.01840628507295174,0.888301404853129,0.0952906608581543
870,0.17777777777777778,0.019975031210986267,0.03591470258136925,0.8901674977624344,0.09548068046569824
869,0.14555555555555555,0.016354556803995005,0.029405162738496072,0.8892985151049667,0.12647128105163574
868,0.08666666666666667,0.009737827715355805,0.017508417508417508,0.8878123798539024,0.1267080307006836
867,0.08666666666666667,0.009737827715355805,0.017508417508417508,0.8876828329484219,0.10293841361999512
866,0.08666666666666667,0.009737827715355805,0.017508417508417508,0.8875529865125241,0.13140296936035156
865,0.058888888888888886,0.006616729088639201,0.011896745230078564,0.8867798353909465,0.11099982261657715
864,0.058888888888888886,0.006616729088639201,0.011896745230078564,0.8866486416891979,0.12750744819641113
863,0.058888888888888886,0.006616729088639201,0.011896745230078564,0.8865171435937097,0.10967588424682617
862,0.056666666666666664,0.006367041198501872,0.011447811447811446,0.886333720480062,0.09728217124938965
861,0.11457174638487208,0.01285892634207241,0.02312268492535638,0.8875581395348837,0.12728309631347656
860,0.1447661469933185,0.016229712858926344,0.02918724741805119,0.8881386625274867,0.09472155570983887
859,0.11804008908685969,0.013233458177278402,0.023798832510103278,0.8873866873866874,0.12528681755065918
858,0.11581291759465479,0.012983770287141073,0.02334979793444095,0.8872034227926877,0.10316848754882812
857,0.1415830546265329,0.015855181023720348,0.028516896822723698,0.8876817237798547,0.10685157775878906
856,0.111358574610245,0.012484394506866416,0.022451728783116298,0.8868356075373619,0.11044621467590332
855,0.11486486486486487,0.013023493360572012,0.023394495412844038,0.8879562139831066,0.12750530242919922
854,0.09659090909090909,0.011102403343782654,0.019915651358950327,0.888548438665672,0.1142737865447998
853,0.12197928653624857,0.014167334937182571,0.02538618129565321,0.8901975068803626,0.1044456958770752
852,0.14844649021864212,0.017241379310344827,0.030894503652257217,0.8906897902400152,0.09011960029602051
851,0.08860759493670886,0.01029136594493451,0.018440905280804692,0.8891548343475321,0.08468890190124512
850,0.08963911525029103,0.010533515731874145,0.018851756640959727,0.8902265318979922,0.10873961448669434
849,0.08498253783469151,0.009986320109439124,0.01787244460766312,0.8899873848179026,0.09522843360900879
848,0.08498253783469151,0.009986320109439124,0.01787244460766312,0.8898574997940748,0.0838155746459961
847,0.06511627906976744,0.007660738714090287,0.013708690330477355,0.8892462477321458,0.09540486335754395
846,0.08837209302325581,0.01039671682626539,0.018604651162790697,0.8896656116691894,0.11057257652282715
845,0.08837209302325581,0.01039671682626539,0.018604651162790697,0.8895348837209303,0.08057093620300293
844,0.06279069767441861,0.007387140902872777,0.013219094247246021,0.8887969323291677,0.08312869071960449
843,0.08823529411764706,0.01050420168067227,0.01877346683354193,0.8904568953472125,0.0949699878692627
842,0.06235294117647059,0.00742296918767507,0.013266583229036295,0.8897111282087151,0.09546518325805664
841,0.06235294117647059,0.00742296918767507,0.013266583229036295,0.8895798319327731,0.11064910888671875
840,0.11904761904761904,0.01434308663224326,0.025601638504864313,0.8919915999772973,0.09663629531860352
839,0.0630952380952381,0.007601835915088927,0.013568868407578085,0.8905273326514377,0.09010434150695801
838,0.09047619047619047,0.010900745840504877,0.01945724526369688,0.8910508050292997,0.09491562843322754
837,0.11904761904761904,0.01434308663224326,0.025601638504864313,0.8916040100250626,0.10106039047241211
836,0.0880952380952381,0.010613884107860011,0.018945212493599588,0.8907328200741375,0.17413330078125
835,0.05714285714285714,0.0068846815834767644,0.01228878648233487,0.8898595409386776,0.09794974327087402
834,0.09047619047619047,0.010900745840504877,0.01945724526369688,0.8905276396272794,0.11054158210754395
833,0.09047619047619047,0.010900745840504877,0.01945724526369688,0.8903960622710623,0.09597277641296387
832,0.15476190476190477,0.018646012621916237,0.033282130056323606,0.8918113575153286,0.0954592227935791
831,0.12380952380952381,0.01491681009753299,0.026625704045058884,0.8909351692484223,0.13339900970458984
830,0.18214285714285713,0.021944922547332185,0.0391705069124424,0.8922109253834224,0.07744383811950684
829,0.1880952380952381,0.022662076878944348,0.04045058883768561,0.8922245226593053,0.1597590446472168
828,0.1880952380952381,0.022662076878944348,0.04045058883768561,0.8920942016468014,0.1518409252166748
827,0.1880952380952381,0.022662076878944348,0.04045058883768561,0.8919635650870518,0.10347533226013184
826,0.0880952380952381,0.010613884107860011,0.018945212493599588,0.8894083694083694,0.11369490623474121
825,0.17976190476190476,0.02165806081468732,0.038658474142345106,0.8914990753582986,0.11136317253112793
824,0.15476190476190477,0.018646012621916237,0.033282130056323606,0.8907597060695481,0.11201286315917969
823,0.12142857142857143,0.014629948364888123,0.026113671274961593,0.8898157803267293,0.15187978744506836
822,0.12142857142857143,0.014629948364888123,0.026113671274961593,0.8896815729946059,0.13204193115234375
821,0.12289156626506025,0.014986776373787834,0.02671555788370875,0.890802233323538,0.09554100036621094
820,0.12289156626506025,0.014986776373787834,0.02671555788370875,0.8906689027170955,0.09598636627197266
819,0.14819277108433734,0.018072289156626505,0.032215819800942895,0.8911538574837247,0.1115872859954834
818,0.08072289156626505,0.009844255069056715,0.017548454688318494,0.8893689814336907,0.10450029373168945
817,0.1819277108433735,0.022186306200411402,0.03954950235725511,0.8917139144814552,0.14218902587890625
816,0.12195121951219512,0.015055706112616682,0.02680246582685607,0.8913362262456981,0.1439518928527832
815,0.11585365853658537,0.014302920806985848,0.025462342535513268,0.8910529154431593,0.14894914627075195
814,0.14878048780487804,0.018367961457392352,0.032699008308764405,0.8917289172891729,0.13330841064453125
813,0.15609756097560976,0.019271303824149353,0.03430715625837577,0.8917758019944731,0.12737011909484863
812,0.09024390243902439,0.011141222523336344,0.01983382471187349,0.8900183453129229,0.16487598419189453
811,0.09024390243902439,0.011141222523336344,0.01983382471187349,0.8898825654923216,0.1320326328277588
810,0.12317073170731707,0.01520626317374285,0.02707049048512463,0.8905604630829992,0.09098219871520996
809,0.12317073170731707,0.01520626317374285,0.02707049048512463,0.8904250181115673,0.09485459327697754
808,0.12317073170731707,0.01520626317374285,0.02707049048512463,0.8902892374648653,0.11081266403198242
807,0.12317073170731707,0.01520626317374285,0.02707049048512463,0.8901531198934818,0.15090632438659668
806,0.12317073170731707,0.01520626317374285,0.02707049048512463,0.8900166641417967,0.17400693893432617
805,0.12317073170731707,0.01520626317374285,0.02707049048512463,0.8898798689479432,0.1757669448852539
804,0.12317073170731707,0.01520626317374285,0.02707049048512463,0.8897427330437688,0.15777349472045898
803,0.12317073170731707,0.01520626317374285,0.02707049048512463,0.8896052551547959,0.17295002937316895
802,0.09024390243902439,0.011141222523336344,0.01983382471187349,0.8886452909472915,0.17911410331726074
801,0.05731707317073171,0.00707618187292984,0.012597158938622352,0.8876829268292683,0.10257458686828613
800,0.12317073170731707,0.01520626317374285,0.02707049048512463,0.8891907567386061,0.12761759757995605
799,0.12317073170731707,0.01520626317374285,0.02707049048512463,0.8890518980377774,0.07910919189453125
798,0.14390243902439023,0.017765733212887685,0.031626909675690165,0.8894329344799095,0.12730145454406738
797,0.14634146341463414,0.018066847335140017,0.03216295899222728,0.8893553131511215,0.11698198318481445
796,0.14878048780487804,0.018367961457392352,0.032699008308764405,0.8892774965485504,0.09473299980163574
795,0.14878048780487804,0.018367961457392352,0.032699008308764405,0.8891380475517602,0.16425728797912598
794,0.15121951219512195,0.018669075579644687,0.03323505762530153,0.8890597607111002,0.15917038917541504
793,0.12560975609756098,0.015507377295995182,0.027606539801661754,0.8882729736388273,0.15671896934509277
792,0.11965811965811966,0.014754591990364349,0.026269937005763307,0.8879929696894946,0.15853381156921387
791,0.1452991452991453,0.01791629027401385,0.03189920922128401,0.8884995368941031,0.15939664840698242
790,0.06463414634146342,0.007979524239686842,0.014205306888233718,0.8863025132152462,0.1558513641357422
789,0.06463414634146342,0.007979524239686842,0.014205306888233718,0.8861582270645042,0.1473989486694336
788,0.09268292682926829,0.011442336645588679,0.020369874028410614,0.8867263767936282,0.1275920867919922
787,0.12317073170731707,0.01520626317374285,0.02707049048512463,0.8873580338856824,0.13733410835266113
786,0.12317073170731707,0.01520626317374285,0.02707049048512463,0.8872145409352182,0.12671566009521484
785,0.11721611721611722,0.014453477868112014,0.025733815842380374,0.8869306869089099,0.1271038055419922
784,0.12332112332112333,0.01520626317374285,0.02707411875083769,0.8869420303398436,0.15415477752685547
783,0.12332112332112333,0.01520626317374285,0.02707411875083769,0.8867974549310711,0.13623642921447754
782,0.14792176039119803,0.018217404396266186,0.03243967828418231,0.8872927141563349,0.12738251686096191
781,0.17603911980440098,0.02168021680216802,0.0386058981233244,0.8878674171357098,0.1427757740020752
780,0.11491442542787286,0.01415236374585968,0.02520107238605898,0.8861579886658943,0.14272546768188477
779,0.1419828641370869,0.01746461909063535,0.0311033650623408,0.8867170355508183,0.09160470962524414
778,0.17258261933904528,0.02122854561878952,0.037806676498190105,0.8873559971120947,0.11141490936279297
777,0.17258261933904528,0.02122854561878952,0.037806676498190105,0.8872108373145587,0.16016721725463867
776,0.06829268292682927,0.008431195423065342,0.015009380863039401,0.8843430369787569,0.14970135688781738
775,0.0927960927960928,0.011442336645588679,0.020372604208551134,0.8848396042099956,0.13196659088134766
774,0.0927960927960928,0.011442336645588679,0.020372604208551134,0.8846906256902155,0.14400243759155273
773,0.0927960927960928,0.011442336645588679,0.020372604208551134,0.884541261215721,0.12695980072021484
772,0.0927960927960928,0.011442336645588679,0.020372604208551134,0.8843915092847426,0.0963749885559082
771,0.0927960927960928,0.011442336645588679,0.020372604208551134,0.8842413683877098,0.17497968673706055
770,0.06829268292682927,0.008431195423065342,0.015009380863039401,0.8834406419486822,0.10403919219970703
769,0.06829268292682927,0.008431195423065342,0.015009380863039401,0.8832888719512195,0.13661694526672363
768,0.0691358024691358,0.008641975308641974,0.015363511659807955,0.8844624720330935,0.11354947090148926
767,0.0691358024691358,0.008641975308641974,0.015363511659807955,0.8843116397511523,0.14305400848388672
766,0.06625,0.008386075949367088,0.0148876404494382,0.8853921568627451,0.19057130813598633
765,0.07,0.008860759493670886,0.015730337078651686,0.8853403141361257,0.12220406532287598
764,0.09378960709759189,0.012009087958455048,0.021291900445978996,0.887137714219354,0.09592533111572266
763,0.09125475285171103,0.011684518013631937,0.020716443677168753,0.8869231535931427,0.14365100860595703
762,0.09125475285171103,0.011684518013631937,0.020716443677168753,0.8867745637818327,0.12485790252685547
761,0.11548223350253807,0.014767932489451477,0.02618705035971223,0.8872751499000666,0.147003173828125
760,0.09125475285171103,0.011684518013631937,0.020716443677168753,0.8864762095361985,0.159196138381958
759,0.09125475285171103,0.011684518013631937,0.020716443677168753,0.8863264420026051,0.12695956230163574
758,0.09125475285171103,0.011684518013631937,0.020716443677168753,0.8861762787820009,0.0947408676147461
757,0.09125475285171103,0.011684518013631937,0.020716443677168753,0.8860257183041993,0.07515120506286621
756,0.11660329531051965,0.014930217461863031,0.026471011365271184,0.8865453935786738,0.08953690528869629
755,0.11660329531051965,0.014930217461863031,0.026471011365271184,0.8863949232783803,0.11158871650695801
754,0.09746835443037975,0.012495942875689711,0.022151898734177215,0.8857229310605679,0.12737250328063965
753,0.12278481012658228,0.015741642323920804,0.027905638665132338,0.8862442768650687,0.1405324935913086
752,0.0949367088607595,0.012171372930866602,0.021576524741081703,0.885351177333176,0.10607671737670898
751,0.12025316455696203,0.015417072379097696,0.027330264672036825,0.885873417721519,0.07915449142456055
750,0.0949367088607595,0.012171372930866602,0.021576524741081703,0.8850450389548934,0.09511590003967285
749,0.09743589743589744,0.012654012654012654,0.022399056881815503,0.886295077471548,0.09505105018615723
748,0.09740259740259741,0.01281613123718387,0.02265176683781335,0.8874806585649959,0.07909893989562988
747,0.12337662337662338,0.016233766233766232,0.028692237994563576,0.8880261829323491,0.11653351783752441
746,0.125,0.016666666666666666,0.029411764705882353,0.889261744966443,0.15841102600097656
745,0.2118421052631579,0.02824561403508772,0.0498452012383901,0.8914473684210527,0.1111443042755127
744,0.11973684210526316,0.015964912280701755,0.028173374613003097,0.8888219876744351,0.07983279228210449
743,0.18026315789473685,0.024035087719298246,0.04241486068111455,0.8903035891615833,0.10672760009765625
742,0.21447368421052632,0.028596491228070176,0.05046439628482972,0.8910789118545351,0.12792301177978516
741,0.21447368421052632,0.028596491228070176,0.05046439628482972,0.8909317211948791,0.14409589767456055
740,0.1513157894736842,0.02017543859649123,0.03560371517027864,0.8890748522185029,0.1169595718383789
739,0.11973684210526316,0.015964912280701755,0.028173374613003097,0.8880687491085437,0.1063849925994873
738,0.1513157894736842,0.02017543859649123,0.03560371517027864,0.8887738341783904,0.0953209400177002
737,0.1513157894736842,0.02017543859649123,0.03560371517027864,0.8886227116704806,0.06967473030090332
736,0.09342105263157895,0.012456140350877193,0.02198142414860681,0.8868958109559614,0.14259672164916992
735,0.09342105263157895,0.012456140350877193,0.02198142414860681,0.8867417180553564,0.09973287582397461
734,0.11973684210526316,0.015964912280701755,0.028173374613003097,0.8873052344367057,0.07928323745727539
733,0.1513157894736842,0.02017543859649123,0.03560371517027864,0.8880140926085706,0.07981085777282715
732,0.12,0.016216216216216217,0.028571428571428574,0.8883720930232558,0.08923697471618652
731,0.12,0.016216216216216217,0.028571428571428574,0.8882191780821918,0.09534287452697754
730,0.18243243243243243,0.02499074416882636,0.04395962227287529,0.8911504096689282,0.06680464744567871
729,0.18243243243243243,0.02499074416882636,0.04395962227287529,0.891000891000891,0.07716512680053711
728,0.12027027027027028,0.01647537948907812,0.028980788016932598,0.889140860255028,0.07875394821166992
727,0.12027027027027028,0.01647537948907812,0.028980788016932598,0.8889881617154345,0.07919955253601074
726,0.12027027027027028,0.01647537948907812,0.028980788016932598,0.8888350419384902,0.08541297912597656
725,0.12027027027027028,0.01647537948907812,0.028980788016932598,0.8886814991787367,0.07874250411987305
724,0.03513513513513514,0.004813032210292484,0.008466297622924128,0.8861724795334753,0.08403706550598145
723,0.06027397260273973,0.00837138508371385,0.014700968927497492,0.8880962319280538,0.09329771995544434
722,0.06027397260273973,0.00837138508371385,0.014700968927497492,0.887941025592309,0.07912373542785645
721,0.06027397260273973,0.00837138508371385,0.014700968927497492,0.8877853881278539,0.07933402061462402
720,0.08767123287671233,0.0121765601217656,0.021383227530905446,0.8883914112065845,0.07390904426574707
719,0.08767123287671233,0.0121765601217656,0.021383227530905446,0.888235967489602,0.0790553092956543
718,0.08767123287671233,0.0121765601217656,0.021383227530905446,0.888080090177872,0.07153153419494629
717,0.09178082191780822,0.012747336377473363,0.022385566321416635,0.8880385704446315,0.07007622718811035
716,0.06164383561643835,0.008561643835616438,0.015035081857667889,0.8870389884088514,0.0638432502746582
715,0.12054794520547946,0.0167427701674277,0.029401937854994984,0.8885307547676605,0.06332087516784668
714,0.03561643835616438,0.004946727549467275,0.008686936184430337,0.8859920459566947,0.06334757804870605
713,0.09315068493150686,0.01293759512937595,0.02271967925158704,0.8874480529475143,0.0781705379486084
712,0.12777777777777777,0.017996870109546165,0.03155006858710562,0.8896702609782778,0.07920622825622559
711,0.07222222222222222,0.010172143974960876,0.01783264746227709,0.8879499217527387,0.0636436939239502
710,0.07222222222222222,0.010172143974960876,0.01783264746227709,0.8877918821501332,0.0806264877319336
709,0.08888888888888889,0.012519561815336464,0.021947873799725653,0.8881042059008161,0.07682561874389648
708,0.09722222222222222,0.013693270735524257,0.02400548696844993,0.8881816753103882,0.08168721199035645
707,0.09166666666666666,0.012910798122065728,0.02263374485596708,0.8878659112370161,0.09354758262634277
706,0.06944444444444445,0.009780907668231613,0.017146776406035666,0.8870764381402679,0.09524273872375488
705,0.06944444444444445,0.009780907668231613,0.017146776406035666,0.8869160353535354,0.0653386116027832
704,0.059805285118219746,0.008411580594679186,0.014748756645515348,0.8864983404457089,0.06680846214294434
703,0.08762169680111266,0.01232394366197183,0.02160864345738295,0.887128046850269,0.06338906288146973
702,0.08635097493036212,0.012128325508607199,0.021269296740994852,0.8869472182596291,0.07329702377319336
701,0.09192200557103064,0.012910798122065728,0.022641509433962266,0.8869444444444444,0.08037853240966797
700,0.06258692628650904,0.008802816901408451,0.015434745326702111,0.8859283102845334,0.06923365592956543
699,0.03611111111111111,0.005086071987480438,0.008916323731138546,0.8849888570518943,0.06900453567504883
698,0.03380281690140845,0.00482897384305835,0.008450704225352112,0.8861923333400691,0.06857490539550781
697,0.08757062146892655,0.012474849094567404,0.021838675589996477,0.8876072527116723,0.07874226570129395
696,0.03380281690140845,0.00482897384305835,0.008450704225352112,0.8858648292633499,0.07880377769470215
695,0.06064880112834979,0.008651911468812877,0.01514351118154605,0.8864918618338272,0.06385350227355957
694,0.08757062146892655,0.012474849094567404,0.021838675589996477,0.8871207040221125,0.0811154842376709
693,0.1172316384180791,0.01670020120724346,0.02923564635435012,0.887812423674998,0.10374164581298828
692,0.11440677966101695,0.016297786720321932,0.02853117294822121,0.8875685371272497,0.11338019371032715
691,0.11440677966101695,0.016297786720321932,0.02853117294822121,0.8874055929781588,0.08804559707641602
690,0.11440677966101695,0.016297786720321932,0.02853117294822121,0.8872421758416975,0.12914276123046875
689,0.11440677966101695,0.016297786720321932,0.02853117294822121,0.8870782836554209,0.07645535469055176
688,0.0903954802259887,0.012877263581488933,0.022543148996125396,0.8862168645058122,0.10742545127868652
687,0.096045197740113,0.013682092555331992,0.023952095808383235,0.8862152506878003,0.055849552154541016
686,0.11581920903954802,0.016498993963782696,0.028883409651285663,0.8866248586408965,0.07870197296142578
685,0.14285714285714285,0.020321931589537223,0.035582173683283425,0.8872621695082777,0.06265687942504883
684,0.0903954802259887,0.012877263581488933,0.022543148996125396,0.8855504918235622,0.07944059371948242
683,0.19799139167862267,0.02857142857142857,0.0499366745069658,0.8900083787180562,0.09607076644897461
682,0.09025787965616046,0.013043478260869565,0.022793053545586108,0.886679253199077,0.09486627578735352
681,0.06095791001451379,0.008951406649616368,0.01561048132317413,0.8871057118499573,0.05772042274475098
680,0.05891016200294551,0.00877963125548727,0.015281757402101243,0.8883522481157411,0.05272388458251953
679,0.05891016200294551,0.00877963125548727,0.015281757402101243,0.8881875759153219,0.06338334083557129
678,0.030882352941176472,0.0046093064091308165,0.00802139037433155,0.887175254148927,0.06300020217895508
677,0.05891016200294551,0.00877963125548727,0.015281757402101243,0.8878567699269057,0.06346511840820312
676,0.08689248895434462,0.012949956101843723,0.022540592168099328,0.8885185185185185,0.06369733810424805
675,0.060294117647058824,0.008999122036874451,0.01566080977845684,0.8875458195147495,0.0635683536529541
674,0.0898379970544919,0.013388937664618086,0.023304680038204396,0.888274626343851,0.05860137939453125
673,0.11634756995581738,0.017339771729587356,0.030181470869149952,0.8888961834733894,0.06296920776367188
672,0.061855670103092786,0.009218612818261633,0.016045845272206302,0.8871087928464978,0.06352424621582031
671,0.061855670103092786,0.009218612818261633,0.016045845272206302,0.8869402985074627,0.06349682807922363
670,0.061855670103092786,0.009218612818261633,0.016045845272206302,0.8867713004484304,0.06584024429321289
669,0.061855670103092786,0.009218612818261633,0.016045845272206302,0.8866017964071856,0.06308102607727051
668,0.061855670103092786,0.009218612818261633,0.016045845272206302,0.886431784107946,0.0634920597076416
667,0.061855670103092786,0.009218612818261633,0.016045845272206302,0.8862612612612613,0.06432580947875977
666,0.061855670103092786,0.009218612818261633,0.016045845272206302,0.8860902255639098,0.06301522254943848
665,0.09131075110456553,0.013608428446005268,0.023686723973256923,0.8868045712260808,0.07335042953491211
664,0.09131075110456553,0.013608428446005268,0.023686723973256923,0.8866338390559844,0.08002281188964844
663,0.09131075110456553,0.013608428446005268,0.023686723973256923,0.8864625910787276,0.07914614677429199
662,0.061855670103092786,0.009218612818261633,0.016045845272206302,0.8854009077155824,0.09535932540893555
661,0.17725258493353027,0.02633889376646181,0.04586279380852284,0.8887477718360072,0.07946538925170898
660,0.14896755162241887,0.022168568920105356,0.03859380970576997,0.8877086494688923,0.07171988487243652
659,0.11946902654867257,0.01777875329236172,0.03095147115017195,0.8866440193098516,0.0634920597076416
658,0.09131075110456553,0.013608428446005268,0.023686723973256923,0.8855985316501029,0.07941341400146484
657,0.09264705882352942,0.01382791922739245,0.024064171122994655,0.8854465566714491,0.06396627426147461
656,0.12076583210603829,0.017998244073748903,0.03132760267430755,0.8861472833408173,0.0791161060333252
655,0.21029411764705883,0.031387181738366986,0.05462184873949579,0.8886940097139774,0.06366920471191406
654,0.21029411764705883,0.031387181738366986,0.05462184873949579,0.888523556436357,0.10150790214538574
653,0.21029411764705883,0.031387181738366986,0.05462184873949579,0.888352580295922,0.06397104263305664
652,0.20913107511045656,0.031167690956979806,0.05425023877745941,0.8881584892021325,0.09681487083435059
651,0.1791044776119403,0.027137042062415198,0.04713275726630008,0.8885878300803673,0.10979032516479492
650,0.09118086696562033,0.013794663048394391,0.02396385778825378,0.8857254559253042,0.07944869995117188
649,0.20757575757575758,0.03193473193473193,0.055353535353535356,0.8906659184436962,0.06380200386047363
648,0.09104704097116843,0.013986013986013986,0.02424732269145282,0.886913961875322,0.06457853317260742
647,0.20757575757575758,0.03193473193473193,0.055353535353535356,0.8903274228351628,0.05005788803100586
646,0.23787878787878788,0.036596736596736595,0.06343434343434344,0.891097016678412,0.06607556343078613
645,0.14696969696969697,0.02261072261072261,0.039191919191919194,0.8881046489742142,0.06364107131958008
644,0.23787878787878788,0.036596736596736595,0.06343434343434344,0.890758282671191,0.07974743843078613
643,0.23787878787878788,0.036596736596736595,0.06343434343434344,0.8905881242329841,0.07953262329101562
642,0.17727272727272728,0.02727272727272727,0.04727272727272727,0.8885264501489151,0.0646357536315918
641,0.17727272727272728,0.02727272727272727,0.04727272727272727,0.8883522727272727,0.08389782905578613
640,0.08952959028831563,0.013752913752913752,0.023843200646595272,0.8854507516479347,0.06356263160705566
639,0.0637329286798179,0.009790209790209791,0.016973125884016973,0.8844637598556094,0.06836056709289551
638,0.09104704097116843,0.013986013986013986,0.02424732269145282,0.8851386708529566,0.11151003837585449
637,0.036923076923076927,0.0057692307692307696,0.00997920997920998,0.8848089017900339,0.06929755210876465
636,0.08782742681047766,0.013701923076923077,0.023705552089831567,0.8862507571168988,0.06321001052856445
635,0.11419753086419752,0.017788461538461538,0.030782029950083188,0.8869206503275904,0.06403231620788574
634,0.11419753086419752,0.017788461538461538,0.030782029950083188,0.8867420099647588,0.06858062744140625
633,0.08782742681047766,0.013701923076923077,0.023705552089831567,0.8857108081791626,0.08000659942626953
632,0.08936825885978428,0.013942307692307693,0.02412143896860054,0.8855784469096672,0.0793609619140625
631,0.08641975308641975,0.013461538461538462,0.023294509151414306,0.8853235653235654,0.06340599060058594
630,0.09090909090909091,0.014182692307692308,0.024537325847369514,0.8852635440870735,0.07963800430297852
629,0.060092449922958396,0.009375,0.01621958827199002,0.8841009309162176,0.06351494789123535
628,0.060092449922958396,0.009375,0.01621958827199002,0.8839160839160839,0.07423949241638184
627,0.08936825885978428,0.013942307692307693,0.02412143896860054,0.884664536741214,0.05988597869873047
626,0.061633281972265024,0.009615384615384616,0.016635475150758992,0.8835938461538462,0.08045029640197754
625,0.11882716049382716,0.018509615384615385,0.03202995008319468,0.8852564102564102,0.07944369316101074
624,0.08641975308641975,0.013461538461538462,0.023294509151414306,0.884035066057538,0.09572625160217285
623,0.09244992295839753,0.014423076923076924,0.024953212726138492,0.8840217660153351,0.12704706192016602
622,0.0594679186228482,0.009424603174603174,0.01627060586598159,0.8843850644122383,0.09949254989624023
621,0.09076682316118936,0.014384920634920634,0.024834082637550842,0.8852066532258065,0.06322073936462402
620,0.11164274322169059,0.017921146953405017,0.030884623869402165,0.8873503089981281,0.11127257347106934
619,0.11164274322169059,0.017921146953405017,0.030884623869402165,0.8871680279447269,0.09595847129821777
618,0.0890302066772655,0.014336917562724014,0.024696802646085998,0.8862133724370354,0.11121463775634766
617,0.0890302066772655,0.014336917562724014,0.024696802646085998,0.8860286538857968,0.11018013954162598
616,0.06507936507936508,0.010496671786994368,0.018077601410934743,0.8850432313846948,0.09516334533691406
615,0.06349206349206349,0.010240655401945725,0.01763668430335097,0.8848043017424125,0.0794839859008789
614,0.06349206349206349,0.010240655401945725,0.01763668430335097,0.8846163805380771,0.09495139122009277
613,0.06349206349206349,0.010240655401945725,0.01763668430335097,0.8844278452121589,0.07949686050415039
612,0.0890302066772655,0.014336917562724014,0.024696802646085998,0.8850959914789702,0.11179804801940918
611,0.09062003179650238,0.014592933947772658,0.025137816979051823,0.88495966692688,0.09882378578186035
610,0.06200317965023847,0.009984639016897081,0.017199558985667034,0.88383246018714,0.06380748748779297
609,0.09365079365079365,0.015104966717869943,0.026014109347442683,0.8846595655806182,0.11154651641845703
608,0.09062003179650238,0.014592933947772658,0.025137816979051823,0.8843910985591381,0.09542417526245117
607,0.09062003179650238,0.014592933947772658,0.025137816979051823,0.8842003247943842,0.07959747314453125
606,0.1192368839427663,0.019201228878648235,0.03307607497243661,0.8849534304079759,0.06492400169372559
605,0.09062003179650238,0.014592933947772658,0.025137816979051823,0.883816882161253,0.06349420547485352
604,0.09062003179650238,0.014592933947772658,0.025137816979051823,0.8836242070072916,0.06340765953063965
603,0.09062003179650238,0.014592933947772658,0.025137816979051823,0.8834308917365395,0.06372904777526855
602,0.06507936507936508,0.010496671786994368,0.018077601410934743,0.8823653698861685,0.11229729652404785
601,0.06677265500794913,0.010752688172043012,0.0185226019845645,0.8822486772486773,0.10620856285095215
600,0.1467304625199362,0.023553507424475168,0.04059121994264284,0.8847550149720433,0.08240127563476562
599,0.14968152866242038,0.024065540194572452,0.04146449051610058,0.8846419281201889,0.08001255989074707
598,0.14513556618819776,0.023297491039426525,0.04015001103022282,0.884315758687618,0.09599065780639648
597,0.06518282988871224,0.010496671786994368,0.018081587651598677,0.8814051347608395,0.11712980270385742
596,0.11942675159235669,0.019201228878648235,0.03308337009263344,0.883046551954115,0.11220526695251465
595,0.09379968203497616,0.015104966717869943,0.026019845644983462,0.8819678264122709,0.08346915245056152
594,0.1779935275080906,0.02908514013749339,0.05,0.886308001958331,0.07411670684814453
593,0.06623586429725363,0.010840824960338445,0.018632129061576914,0.8823289014821273,0.04823923110961914
592,0.09369951534733441,0.015335801163405606,0.02635764598954783,0.8830576933573495,0.07449531555175781
591,0.06462035541195477,0.010576414595452142,0.01817768688934333,0.8818753417167852,0.09555339813232422
590,0.06623586429725363,0.010840824960338445,0.018632129061576914,0.8817295580261789,0.06877803802490234
589,0.06623586429725363,0.010840824960338445,0.018632129061576914,0.8815284178187404,0.06236720085144043
588,0.06623586429725363,0.010840824960338445,0.018632129061576914,0.8813265922954333,0.07452011108398438
587,0.06623586429725363,0.010840824960338445,0.018632129061576914,0.8811240779478146,0.06392288208007812
586,0.06623586429725363,0.010840824960338445,0.018632129061576914,0.8809208712434519,0.11214447021484375
585,0.09369951534733441,0.015335801163405606,0.02635764598954783,0.8816559876270438,0.1020352840423584
584,0.06774193548387097,0.01110523532522475,0.019082235347569285,0.880540032092071,0.0695805549621582
583,0.06774193548387097,0.01110523532522475,0.019082235347569285,0.8803347744152533,0.061060190200805664
582,0.06774193548387097,0.01110523532522475,0.019082235347569285,0.8801288101715619,0.06318950653076172
581,0.06774193548387097,0.01110523532522475,0.019082235347569285,0.8799221357063404,0.04802656173706055
580,0.03870967741935484,0.006345848757271285,0.010904134484325307,0.8787119059557635,0.06202054023742676
579,0.06774193548387097,0.01110523532522475,0.019082235347569285,0.8795066413662239,0.05837297439575195
578,0.06774193548387097,0.01110523532522475,0.019082235347569285,0.8792978140549003,0.06942296028137207
577,0.03870967741935484,0.006345848757271285,0.010904134484325307,0.8780801971326165,0.07953381538391113
576,0.03870967741935484,0.006345848757271285,0.010904134484325307,0.8778681626928472,0.0737924575805664
575,0.06774193548387097,0.01110523532522475,0.019082235347569285,0.8786669663931662,0.09602952003479004
574,0.06774193548387097,0.01110523532522475,0.019082235347569285,0.8784552158982154,0.09583139419555664
573,0.03870967741935484,0.006345848757271285,0.010904134484325307,0.8772276110985788,0.07937955856323242
572,0.03870967741935484,0.006345848757271285,0.010904134484325307,0.8770125981582961,0.13021135330200195
571,0.03870967741935484,0.006345848757271285,0.010904134484325307,0.876796830786644,0.06602740287780762
570,0.03870967741935484,0.006345848757271285,0.010904134484325307,0.8765803050059527,0.07065963745117188
569,0.03934426229508197,0.006557377049180328,0.011241217798594848,0.8781459247287001,0.06408405303955078
568,0.06885245901639345,0.011475409836065573,0.019672131147540985,0.8789718680429063,0.12815451622009277
567,0.06885245901639345,0.011475409836065573,0.019672131147540985,0.878758037421074,0.08789515495300293
566,0.06885245901639345,0.011475409836065573,0.019672131147540985,0.8785434498766865,0.11133718490600586
565,0.06885245901639345,0.011475409836065573,0.019672131147540985,0.8783281013835601,0.08562994003295898
564,0.06885245901639345,0.011475409836065573,0.019672131147540985,0.8781119878869056,0.0702676773071289
563,0.06885245901639345,0.011475409836065573,0.019672131147540985,0.8778951053030745,0.09782576560974121
562,0.06885245901639345,0.011475409836065573,0.019672131147540985,0.877677449519301,0.06348037719726562
561,0.07049180327868852,0.011748633879781421,0.020140515222482436,0.8775175644028103,0.06807804107666016
560,0.07049180327868852,0.011748633879781421,0.020140515222482436,0.877298454500132,0.06120181083679199
559,0.07049180327868852,0.011748633879781421,0.020140515222482436,0.8770785592573007,0.06488823890686035
558,0.07,0.011864406779661017,0.020289855072463767,0.8786355475763016,0.0904388427734375
557,0.07,0.011864406779661017,0.020289855072463767,0.8784172661870504,0.09183049201965332
556,0.07,0.011864406779661017,0.020289855072463767,0.8781981981981982,0.04951667785644531
555,0.07,0.011864406779661017,0.020289855072463767,0.8779783393501805,0.06553220748901367
554,0.07,0.011864406779661017,0.020289855072463767,0.8777576853526221,0.06450295448303223
553,0.07,0.011864406779661017,0.020289855072463767,0.8775362318840579,0.0670924186706543
552,0.07,0.011864406779661017,0.020289855072463767,0.8773139745916515,0.047991275787353516
551,0.12333333333333334,0.020903954802259886,0.0357487922705314,0.879030303030303,0.07863259315490723
550,0.07,0.011864406779661017,0.020289855072463767,0.8768670309653916,0.08060026168823242
549,0.09515859766277128,0.016101694915254237,0.027542884754771683,0.8775851581508516,0.0791783332824707
548,0.06791171477079797,0.011689070718877849,0.019945150835203193,0.8781953955318688,0.08622050285339355
547,0.06621392190152801,0.011396843950905903,0.01944652206432311,0.8779102253678525,0.08367156982421875
546,0.06791171477079797,0.011689070718877849,0.019945150835203193,0.8777484061576738,0.06566357612609863
545,0.04310344827586207,0.007562008469449486,0.012866700977869275,0.878422920892495,0.032025814056396484
544,0.0706896551724138,0.012401693889897156,0.021101389603705608,0.8792150885883026,0.04777073860168457
543,0.0706896551724138,0.012401693889897156,0.021101389603705608,0.878992238198244,0.09532976150512695
542,0.04310344827586207,0.007562008469449486,0.012866700977869275,0.8777487411562241,0.06362247467041016
541,0.07241379310344828,0.012704174228675136,0.021616057642820385,0.8786079182630907,0.0637979507446289
540,0.12089810017271158,0.02117362371445856,0.036036036036036036,0.880206000895656,0.04789876937866211
539,0.11443661971830986,0.020363408521303257,0.03457446808510638,0.8816278614752494,0.06374764442443848
538,0.03508771929824561,0.006265664160401002,0.010632642211589579,0.8784017772550557,0.04961037635803223
537,0.11775043936731107,0.020989974937343357,0.03562882212177612,0.8812843676355067,0.04780697822570801
536,0.03859649122807018,0.006892230576441102,0.011695906432748537,0.8780783735038531,0.0637505054473877
535,0.11775043936731107,0.020989974937343357,0.03562882212177612,0.8808397397989356,0.04790306091308594
534,0.06315789473684211,0.011278195488721804,0.019138755980861243,0.8785425101214575,0.063232421875
533,0.08963093145869948,0.015977443609022556,0.027120446689710184,0.8793364991425934,0.06391787528991699
532,0.0913884007029877,0.016290726817042606,0.027652220154214306,0.8791753394786401,0.07956886291503906
531,0.06607142857142857,0.012012987012987014,0.02032967032967033,0.8798517520215633,0.08985400199890137
530,0.06545454545454546,0.012121212121212121,0.020454545454545458,0.8814916652345763,0.047789812088012695
529,0.06545454545454546,0.012121212121212121,0.020454545454545458,0.881267217630854,0.0482792854309082
528,0.06545454545454546,0.012121212121212121,0.020454545454545458,0.881041918233569,0.048050880432128906
527,0.06727272727272728,0.012457912457912458,0.021022727272727273,0.8808848945731075,0.06355500221252441
526,0.06727272727272728,0.012457912457912458,0.021022727272727273,0.8806580086580087,0.06378865242004395
525,0.06909090909090909,0.012794612794612794,0.02159090909090909,0.880499653018737,0.09780216217041016
524,0.06727272727272728,0.012457912457912458,0.021022727272727273,0.8802016339301234,0.09477972984313965
523,0.06727272727272728,0.012457912457912458,0.021022727272727273,0.879972135144549,0.05057549476623535
522,0.09289617486338798,0.01717171717171717,0.028985507246376812,0.8807537951491886,0.04771113395690918
521,0.09107468123861566,0.016835016835016835,0.02841716396703609,0.8804545454545455,0.048462867736816406
520,0.09289617486338798,0.01717171717171717,0.028985507246376812,0.8802942722017867,0.05336284637451172
519,0.06375227686703097,0.011784511784511785,0.019892014776925263,0.878939978939979,0.06422162055969238
518,0.12021857923497267,0.022222222222222223,0.037510656436487634,0.8808862317566379,0.047803640365600586
517,0.12021857923497267,0.022222222222222223,0.037510656436487634,0.8806553911205074,0.04795503616333008
516,0.04,0.007407407407407408,0.012499999999999999,0.8772815533980582,0.0535435676574707
515,0.09636363636363636,0.017845117845117844,0.030113636363636363,0.8792359391581182,0.0618739128112793
514,0.06909090909090909,0.012794612794612794,0.02159090909090909,0.8779372674109516,0.0641329288482666
513,0.09636363636363636,0.017845117845117844,0.030113636363636363,0.8787642045454546,0.04726529121398926
512,0.09636363636363636,0.017845117845117844,0.030113636363636363,0.8785269524995553,0.047855377197265625
511,0.12181818181818181,0.02255892255892256,0.038068181818181814,0.8792869875222816,0.09554147720336914
510,0.06545454545454546,0.012121212121212121,0.020454545454545458,0.8768351491337739,0.06367850303649902
509,0.09818181818181818,0.01818181818181818,0.030681818181818178,0.8778811739441661,0.06393837928771973
508,0.06545454545454546,0.012121212121212121,0.020454545454545458,0.8763492917339071,0.05825972557067871
507,0.06545454545454546,0.012121212121212121,0.020454545454545458,0.876104922745239,0.06519508361816406
506,0.06545454545454546,0.012121212121212121,0.020454545454545458,0.8758595859585958,0.04781675338745117
505,0.06545454545454546,0.012121212121212121,0.020454545454545458,0.8756132756132756,0.031969547271728516
504,0.06545454545454546,0.012121212121212121,0.020454545454545458,0.8753659859027653,0.03193020820617676
503,0.12,0.022222222222222223,0.0375,0.8772908366533865,0.048300981521606445
502,0.06545454545454546,0.012121212121212121,0.020454545454545458,0.8748684449283252,0.04757237434387207
501,0.06481481481481481,0.01222921034241789,0.0205761316872428,0.8765925925925926,0.06406569480895996
500,0.06481481481481481,0.01222921034241789,0.0205761316872428,0.8763452831589104,0.0580904483795166
499,0.09444444444444444,0.01781970649895178,0.029982363315696647,0.8772869254796966,0.10660481452941895
498,0.06481481481481481,0.01222921034241789,0.0205761316872428,0.87584767866458,0.06566429138183594
497,0.09245283018867924,0.017779390420899856,0.029823493609251368,0.8787279367011565,0.03227424621582031
496,0.062264150943396226,0.011973875181422351,0.020085209981740716,0.877263198017915,0.03184628486633301
495,0.062264150943396226,0.011973875181422351,0.020085209981740716,0.8770147429531739,0.03205251693725586
494,0.035849056603773584,0.006894049346879536,0.011564211807668898,0.8756936736958935,0.04770803451538086
493,0.035849056603773584,0.006894049346879536,0.011564211807668898,0.875441018561129,0.04784274101257324
492,0.035849056603773584,0.006894049346879536,0.011564211807668898,0.8751873342812128,0.047930002212524414
491,0.03461538461538462,0.006787330316742082,0.011349306431273644,0.8769230769230769,0.04792952537536621
490,0.03461538461538462,0.006787330316742082,0.011349306431273644,0.8766713858738399,0.04782414436340332
489,0.06153846153846154,0.012066365007541479,0.020176544766708705,0.8775220680958385,0.06429409980773926
488,0.03461538461538462,0.006787330316742082,0.011349306431273644,0.876164902858948,0.05728554725646973
487,0.03461538461538462,0.006787330316742082,0.011349306431273644,0.8759100981323203,0.0465395450592041
486,0.08846153846153847,0.017345399698340876,0.02900378310214376,0.8778747026169706,0.04603457450866699
485,0.03653846153846154,0.007164404223227752,0.011979823455233289,0.8754767959313414,0.08001160621643066
484,0.09423076923076923,0.01847662141779789,0.030895334174022696,0.8776078993470298,0.06339001655578613
483,0.03653846153846154,0.007164404223227752,0.011979823455233289,0.8749601021385254,0.047959089279174805
482,0.03653846153846154,0.007164404223227752,0.011979823455233289,0.8747001439309131,0.060088157653808594
481,0.09423076923076923,0.01847662141779789,0.030895334174022696,0.8768429487179488,0.05202174186706543
480,0.06538461538461539,0.01282051282051282,0.021437578814627996,0.8753814035651196,0.04040050506591797
479,0.09423076923076923,0.01847662141779789,0.030895334174022696,0.8763276472481494,0.042574405670166016
478,0.06274509803921569,0.012549019607843137,0.02091503267973856,0.8768446581987093,0.046466827392578125
477,0.06274509803921569,0.012549019607843137,0.02091503267973856,0.8765859284890427,0.03731226921081543
476,0.09607843137254903,0.019215686274509803,0.03202614379084967,0.8777296181630547,0.037474632263183594
475,0.06274509803921569,0.012549019607843137,0.02091503267973856,0.8760651940100935,0.047922372817993164
474,0.09607843137254903,0.019215686274509803,0.03202614379084967,0.8772126186626871,0.047597646713256836
473,0.09607843137254903,0.019215686274509803,0.03202614379084967,0.8769524759056165,0.0641028881072998
472,0.06470588235294118,0.012941176470588235,0.021568627450980395,0.8753590608217809,0.03799128532409668
471,0.06666666666666667,0.013333333333333334,0.022222222222222223,0.875177304964539,0.031694650650024414
470,0.09411764705882353,0.018823529411764704,0.031372549019607836,0.8760817759939796,0.0417020320892334
469,0.09411764705882353,0.018823529411764704,0.031372549019607836,0.8758169934640523,0.03779458999633789
468,0.09019607843137255,0.01803921568627451,0.030065359477124184,0.875383129697275,0.03188753128051758
467,0.06470588235294118,0.012941176470588235,0.021568627450980395,0.8740217116889675,0.06282448768615723
466,0.06274509803921569,0.012549019607843137,0.02091503267973856,0.8736664558296436,0.06383872032165527
465,0.06666666666666667,0.013333333333333334,0.022222222222222223,0.8735632183908046,0.04793810844421387
464,0.06274509803921569,0.012549019607843137,0.02091503267973856,0.873120738576208,0.04783439636230469
463,0.1141732283464567,0.022745098039215685,0.03793328973185088,0.8751379339614633,0.04753994941711426
462,0.11646586345381527,0.0236734693877551,0.03934871099050203,0.8771366594360087,0.04762911796569824
461,0.12224448897795591,0.02489795918367347,0.04136995591726009,0.8770869565217392,0.04408550262451172
460,0.08817635270541083,0.017959183673469388,0.029840623940318754,0.8753376906318083,0.04288792610168457
459,0.11823647294589178,0.024081632653061225,0.04001356391997287,0.8763755458515284,0.031903982162475586
458,0.08817635270541083,0.017959183673469388,0.029840623940318754,0.8747921225382932,0.035353899002075195
457,0.08817635270541083,0.017959183673469388,0.029840623940318754,0.8745175438596491,0.06348752975463867
456,0.09018036072144289,0.018367346938775512,0.030518819938962365,0.8743296703296703,0.04818606376647949
455,0.09218436873747494,0.018775510204081632,0.031197015937605967,0.8741409691629956,0.06404614448547363
454,0.09218436873747494,0.018775510204081632,0.031197015937605967,0.8738631346578366,0.048143625259399414
453,0.05811623246492986,0.01183673469387755,0.01966768396066463,0.8720796460176992,0.0483250617980957
452,0.09018036072144289,0.018367346938775512,0.030518819938962365,0.8732150776053215,0.06388092041015625
451,0.09018036072144289,0.018367346938775512,0.030518819938962365,0.8729333333333333,0.05858206748962402
450,0.08793456032719836,0.018282312925170068,0.030271031326997537,0.8747784191627653,0.03864908218383789
449,0.08793456032719836,0.018282312925170068,0.030271031326997537,0.8744989067055393,0.032073974609375
448,0.06938775510204082,0.01445578231292517,0.023926812104152005,0.8733506825549011,0.03199195861816406
447,0.0653061224489796,0.013605442176870748,0.022519352568613652,0.8728836826210304,0.03152799606323242
446,0.09591836734693877,0.019982993197278913,0.033075299085151305,0.873973859206604,0.048172712326049805
445,0.09583333333333334,0.020390070921985817,0.033625730994152045,0.8759384384384384,0.04723668098449707
444,0.1,0.02127659574468085,0.03508771929824561,0.8758465011286681,0.048020124435424805
443,0.12108559498956159,0.025709219858156027,0.04241316270566728,0.8765554298642534,0.04781913757324219
442,0.1257995735607676,0.0272895467160037,0.04484986697073356,0.878757176629517,0.047410011291503906
441,0.09594882729211088,0.020814061054579093,0.03420752565564424,0.877127659574468,0.04761862754821777
440,0.12636165577342048,0.028019323671497585,0.04586793198892843,0.8805090620976528,0.04566049575805664
439,0.11546840958605664,0.025603864734299518,0.041913799920917365,0.8797399245582688,0.041330814361572266
438,0.10239651416122005,0.022705314009661835,0.03716884143930407,0.8788677743508109,0.04888343811035156
437,0.09111111111111111,0.02070707070707071,0.03374485596707819,0.8803261977573904,0.03692936897277832
436,0.0935412026726058,0.021212121212121213,0.0345821325648415,0.8802043422733078,0.04587817192077637
435,0.12472160356347439,0.028282828282828285,0.04610951008645533,0.8813620071684588,0.04218864440917969
434,0.0935412026726058,0.021212121212121213,0.0345821325648415,0.8796510136002053,0.03154802322387695
433,0.09333333333333334,0.021212121212121213,0.034567901234567905,0.879320987654321,0.04822421073913574
432,0.057777777777777775,0.013131313131313131,0.021399176954732507,0.8773910801753029,0.03712821006774902
431,0.057777777777777775,0.013131313131313131,0.021399176954732507,0.8771059431524548,0.03170657157897949
430,0.09111111111111111,0.02070707070707071,0.03374485596707819,0.8783734783734783,0.06389379501342773
429,0.08222222222222222,0.018686868686868686,0.03045267489711934,0.8776739356178609,0.031731605529785156
428,0.09333333333333334,0.021212121212121213,0.034567901234567905,0.8779078844652615,0.042185306549072266
427,0.08222222222222222,0.018686868686868686,0.03045267489711934,0.8770996348461138,0.041082143783569336
426,0.08222222222222222,0.018686868686868686,0.03045267489711934,0.8768104575163399,0.031627655029296875
425,0.08222222222222222,0.018686868686868686,0.03045267489711934,0.8765199161425576,0.032036781311035156
424,0.08222222222222222,0.018686868686868686,0.03045267489711934,0.8762280010506961,0.048191070556640625
423,0.08222222222222222,0.018686868686868686,0.03045267489711934,0.8759347024749868,0.047746896743774414
422,0.08222222222222222,0.018686868686868686,0.03045267489711934,0.8756400105568751,0.04842543601989746
421,0.08222222222222222,0.018686868686868686,0.03045267489711934,0.8753439153439153,0.04813337326049805
420,0.08222222222222222,0.018686868686868686,0.03045267489711934,0.8750464067886502,0.04787635803222656
419,0.10666666666666667,0.024242424242424242,0.03950617283950617,0.8759170653907496,0.03222346305847168
418,0.10666666666666667,0.024242424242424242,0.03950617283950617,0.8756195043964828,0.03181600570678711
417,0.11777777777777777,0.026767676767676767,0.043621399176954734,0.8758547008547009,0.049577951431274414
416,0.10666666666666667,0.024242424242424242,0.03950617283950617,0.8750200803212851,0.036376237869262695
415,0.11777777777777777,0.026767676767676767,0.043621399176954734,0.8752549651100375,0.02550506591796875
414,0.08222222222222222,0.018686868686868686,0.03045267489711934,0.8732311003497444,0.021706819534301758
413,0.12045454545454545,0.028012684989429177,0.04545454545454545,0.877206531332745,0.0483393669128418
412,0.08409090909090909,0.019556025369978858,0.03173241852487135,0.8751382437513824,0.032449960708618164
411,0.08409090909090909,0.019556025369978858,0.03173241852487135,0.8748337028824834,0.03160858154296875
410,0.08409090909090909,0.019556025369978858,0.03173241852487135,0.8745276728161814,0.03193497657775879
409,0.08409090909090909,0.019556025369978858,0.03173241852487135,0.8742201426024956,0.0480496883392334
408,0.08409090909090909,0.019556025369978858,0.03173241852487135,0.8739111011838284,0.03174161911010742
407,0.08409090909090909,0.019556025369978858,0.03173241852487135,0.8736005373936409,0.04272174835205078
406,0.05909090909090909,0.013742071881606765,0.022298456260720412,0.8720538720538721,0.03739356994628906
405,0.05909090909090909,0.013742071881606765,0.022298456260720412,0.8717371737173717,0.05218911170959473
404,0.06046511627906977,0.014396456256921373,0.023255813953488372,0.8739684921230307,0.048198699951171875
403,0.05952380952380952,0.014518002322880372,0.023342670401493928,0.8760957119166074,0.04357600212097168
402,0.023809523809523808,0.005807200929152149,0.00933706816059757,0.8740054625341408,0.025130510330200195
401,0.05952380952380952,0.014518002322880372,0.023342670401493928,0.8754761904761905,0.021832942962646484
400,0.05952380952380952,0.014518002322880372,0.023342670401493928,0.8751641007280105,0.0319523811340332
399,0.026829268292682926,0.006707317073170732,0.01073170731707317,0.8757200637333007,0.04249882698059082
398,0.026829268292682926,0.006707317073170732,0.01073170731707317,0.8754070160348959,0.04252314567565918
397,0.05853658536585366,0.014634146341463415,0.023414634146341463,0.8766937669376694,0.03759884834289551
396,0.06097560975609756,0.01524390243902439,0.024390243902439022,0.8765050941648657,0.03209185600280762
395,0.06097560975609756,0.01524390243902439,0.024390243902439022,0.8761916553175684,0.03206968307495117
394,0.06097560975609756,0.01524390243902439,0.024390243902439022,0.8758766213616335,0.04231524467468262
393,0.06097560975609756,0.01524390243902439,0.024390243902439022,0.8755599800895968,0.016102075576782227
392,0.06097560975609756,0.01524390243902439,0.024390243902439022,0.8752417191691099,0.03162240982055664
391,0.06097560975609756,0.01524390243902439,0.024390243902439022,0.8749218261413383,0.03195357322692871
390,0.06097560975609756,0.01524390243902439,0.024390243902439022,0.8746002884193367,0.032202959060668945
389,0.06097560975609756,0.01524390243902439,0.024390243902439022,0.8742770932863968,0.04222917556762695
388,0.09046454767726161,0.022560975609756097,0.03611517813567594,0.8755278250456923,0.0318756103515625
387,0.06097560975609756,0.01524390243902439,0.024390243902439022,0.873625679261974,0.026057004928588867
386,0.06,0.015384615384615385,0.024489795918367346,0.8758441558441559,0.04260444641113281
385,0.0575,0.014743589743589743,0.02346938775510204,0.875390625,0.0682837963104248
384,0.06,0.015384615384615385,0.024489795918367346,0.875195822454308,0.0241851806640625
383,0.06,0.015384615384615385,0.024489795918367346,0.874869109947644,0.03081369400024414
382,0.06,0.015384615384615385,0.024489795918367346,0.8745406824146982,0.03573894500732422
381,0.0925,0.023717948717948717,0.03775510204081632,0.8759210526315789,0.03176069259643555
380,0.0875,0.022435897435897436,0.03571428571428571,0.8753298153034301,0.03214240074157715
379,0.095,0.02435897435897436,0.03877551020408164,0.8753968253968254,0.021637916564941406
378,0.0975,0.025,0.039795918367346944,0.8751989389920425,0.052657365798950195
377,0.09,0.023076923076923078,0.036734693877551024,0.874468085106383,0.041300058364868164
376,0.0925,0.023717948717948717,0.03775510204081632,0.8742666666666666,0.03609037399291992
375,0.14652956298200515,0.038461538461538464,0.060929983965793695,0.8795420266008501,0.02530050277709961
374,0.08483290488431877,0.022267206477732792,0.03527525387493319,0.8759194335601842,0.03199148178100586
373,0.14175257731958762,0.037112010796221326,0.058823529411764705,0.8786876206231045,0.0423281192779541
372,0.14175257731958762,0.037112010796221326,0.058823529411764705,0.8783606330776143,0.03209233283996582
371,0.14175257731958762,0.037112010796221326,0.058823529411764705,0.878031878031878,0.03224587440490723
370,0.08947368421052632,0.02418207681365576,0.03807390817469205,0.8774782484666952,0.03192019462585449
369,0.08947368421052632,0.02418207681365576,0.03807390817469205,0.8771453089244852,0.019919157028198242
368,0.08947368421052632,0.02418207681365576,0.03807390817469205,0.8768105549978489,0.016032695770263672
367,0.08947368421052632,0.02418207681365576,0.03807390817469205,0.8764739718147828,0.04803657531738281
366,0.08947368421052632,0.02418207681365576,0.03807390817469205,0.8761355443403028,0.03191208839416504
365,0.08947368421052632,0.02418207681365576,0.03807390817469205,0.8757952573742047,0.0323336124420166
364,0.11345646437994723,0.03058321479374111,0.048179271708683476,0.8768305060171089,0.023698806762695312
363,0.08947368421052632,0.02418207681365576,0.03807390817469205,0.8751090433265484,0.03145909309387207
362,0.11345646437994723,0.03058321479374111,0.048179271708683476,0.8761481265490596,0.04409146308898926
361,0.08947368421052632,0.02418207681365576,0.03807390817469205,0.8744152046783625,0.03577280044555664
360,0.079155672823219,0.021337126600284494,0.03361344537815126,0.8735522650637736,0.0262908935546875
359,0.11345646437994723,0.03058321479374111,0.048179271708683476,0.8751102616877389,0.032318115234375
358,0.11345646437994723,0.03058321479374111,0.048179271708683476,0.8747604304879847,0.03177070617675781
357,0.05405405405405406,0.015015015015015015,0.02350176263219742,0.8738232614637109,0.03780794143676758
356,0.08648648648648649,0.024024024024024024,0.03760282021151587,0.8752950133231824,0.02185797691345215
355,0.04864864864864865,0.013513513513513514,0.021151586368977675,0.8728050083982287,0.03206753730773926
354,0.08648648648648649,0.024024024024024024,0.03760282021151587,0.8745884694893193,0.04281353950500488
353,0.07567567567567568,0.021021021021021023,0.03290246768507639,0.8736179361179361,0.021112442016601562
352,0.10810810810810811,0.03003003003003003,0.04700352526439484,0.8751058751058751,0.03173351287841797
351,0.04864864864864865,0.013513513513513514,0.021151586368977675,0.8713513513513513,0.026474475860595703
350,0.05405405405405406,0.015015015015015015,0.02350176263219742,0.8712924959343298,0.05322885513305664
349,0.05405405405405406,0.015015015015015015,0.02350176263219742,0.8709226467847158,0.04251885414123535
348,0.10810810810810811,0.03003003003003003,0.04700352526439484,0.8736661733779889,0.032280683517456055
347,0.10810810810810811,0.03003003003003003,0.04700352526439484,0.8733010467114514,0.022570133209228516
346,0.10555555555555556,0.03015873015873016,0.04691358024691358,0.8756843800322062,0.03178215026855469
345,0.07222222222222222,0.020634920634920634,0.03209876543209876,0.8733850129198967,0.020603179931640625
344,0.07222222222222222,0.020634920634920634,0.03209876543209876,0.873015873015873,0.016191959381103516
343,0.08285714285714285,0.024369747899159664,0.03766233766233767,0.8761904761904762,0.03177380561828613
342,0.14,0.041176470588235294,0.06363636363636364,0.8791788856304985,0.031993865966796875
341,0.14326647564469913,0.04201680672268908,0.0649772579597141,0.8790756302521009,0.03202056884765625
340,0.10888252148997135,0.031932773109243695,0.04938271604938271,0.8766961651917404,0.016113996505737305
339,0.10571428571428572,0.031092436974789917,0.04805194805194806,0.8760777683854607,0.031913042068481445
338,0.04011461318051576,0.011764705882352941,0.018193632228719947,0.871894870707927,0.03205680847167969
337,0.11142857142857143,0.03277310924369748,0.05064935064935065,0.8756802721088436,0.03217291831970215
336,0.11142857142857143,0.03277310924369748,0.05064935064935065,0.8753091684434968,0.03177618980407715
335,0.08,0.023529411764705882,0.03636363636363636,0.8730538922155688,0.031957149505615234
334,0.07058823529411765,0.0213903743315508,0.03283173734610123,0.8751104045221693,0.03206276893615723
333,0.07058823529411765,0.0213903743315508,0.03283173734610123,0.8747342310418144,0.042067527770996094
332,0.07058823529411765,0.0213903743315508,0.03283173734610123,0.8743557846099165,0.03537154197692871
331,0.11470588235294117,0.034759358288770054,0.05335157318741449,0.8766488413547238,0.02625417709350586
330,0.11470588235294117,0.034759358288770054,0.05335157318741449,0.8762739138208475,0.03538393974304199
329,0.11470588235294117,0.034759358288770054,0.05335157318741449,0.875896700143472,0.01569390296936035
328,0.11470588235294117,0.034759358288770054,0.05335157318741449,0.8755171793488037,0.032247304916381836
327,0.04411764705882353,0.013368983957219251,0.02051983584131327,0.8708047636232407,0.03170657157897949
326,0.04411764705882353,0.013368983957219251,0.02051983584131327,0.8704072398190045,0.01625514030456543
325,0.04411764705882353,0.013368983957219251,0.02051983584131327,0.8700072621641249,0.0319361686706543
324,0.07941176470588235,0.02406417112299465,0.036935704514363885,0.8717902021489711,0.03170919418334961
323,0.04411764705882353,0.013368983957219251,0.02051983584131327,0.8691998538545853,0.03356051445007324
322,0.07941176470588235,0.02406417112299465,0.036935704514363885,0.8709913872090892,0.023730039596557617
321,0.07941176470588235,0.02406417112299465,0.036935704514363885,0.8705882352941177,0.022430896759033203
320,0.10588235294117647,0.03208556149732621,0.049247606019151846,0.8718421537894154,0.024289608001708984
319,0.07058823529411765,0.0213903743315508,0.03283173734610123,0.8692193858675545,0.03195452690124512
318,0.01764705882352941,0.0053475935828877,0.008207934336525308,0.8654666914084246,0.026780366897583008
317,0.01764705882352941,0.0053475935828877,0.008207934336525308,0.8650409530900968,0.02107548713684082
316,0.07941176470588235,0.02406417112299465,0.036935704514363885,0.8685340802987862,0.0263674259185791
315,0.06784660766961652,0.020499108734402853,0.03148528405201917,0.8674597227426002,0.03837728500366211
314,0.07669616519174041,0.023172905525846704,0.03559206023271731,0.8676000751738395,0.031102895736694336
313,0.06784660766961652,0.020499108734402853,0.03148528405201917,0.8666101055806938,0.02725672721862793
312,0.07669616519174041,0.023172905525846704,0.03559206023271731,0.8667486287119349,0.03184819221496582
311,0.07669616519174041,0.023172905525846704,0.03559206023271731,0.8663187855787476,0.03241443634033203
310,0.07964601769911504,0.02406417112299465,0.03696098562628337,0.866076527698458,0.02657628059387207
309,0.07964601769911504,0.02406417112299465,0.03696098562628337,0.8656417112299465,0.021782875061035156
308,0.07964601769911504,0.02406417112299465,0.03696098562628337,0.8652040620808584,0.016171693801879883
307,0.07964601769911504,0.02406417112299465,0.03696098562628337,0.8647635524798154,0.021510839462280273
306,0.05757575757575758,0.017992424242424244,0.027417027417027416,0.8660705414803775,0.042520761489868164
305,0.1393939393939394,0.043560606060606064,0.06637806637806638,0.8710127591706539,0.01569342613220215
304,0.1484848484848485,0.04640151515151515,0.07070707070707072,0.8711871187118712,0.03151130676269531
303,0.1484848484848485,0.04640151515151515,0.07070707070707072,0.870760585992374,0.03209424018859863
302,0.05757575757575758,0.017992424242424244,0.027417027417027416,0.8642907480116783,0.031977176666259766
301,0.08787878787878788,0.027462121212121212,0.04184704184704184,0.8658585858585859,0.016109466552734375
300,0.051515151515151514,0.016098484848484848,0.02453102453102453,0.8629776021080369,0.03249645233154297
299,0.11246200607902736,0.035037878787878785,0.053429602888086646,0.8666870042708968,0.020801305770874023
298,0.0851063829787234,0.026515151515151516,0.04043321299638989,0.864401591674319,0.03202056884765625
297,0.0486322188449848,0.015151515151515152,0.023104693140794226,0.8614864864864865,0.0160977840423584
296,0.0851063829787234,0.026515151515151516,0.04043321299638989,0.8634822804314329,0.016094207763671875
295,0.11246200607902736,0.035037878787878785,0.053429602888086646,0.8648732220160792,0.037421226501464844
294,0.07598784194528875,0.023674242424242424,0.036101083032490974,0.8619298789947254,0.01591038703918457
293,0.07317073170731707,0.022727272727272728,0.034682080924855495,0.8613532586135326,0.031952619552612305
292,0.13719512195121952,0.04261363636363636,0.06502890173410404,0.8652504425700303,0.02154707908630371
291,0.10060975609756098,0.03125,0.047687861271676305,0.8622779519331244,0.03193807601928711
290,0.07598784194528875,0.023674242424242424,0.036101083032490974,0.8600188738597043,0.03174424171447754
289,0.07598784194528875,0.023674242424242424,0.036101083032490974,0.8595328282828283,0.026801109313964844
288,0.109717868338558,0.03528225806451613,0.05339435545385202,0.8648736933797909,0.016240596771240234
287,0.08463949843260188,0.02721774193548387,0.041189931350114416,0.862652972027972,0.02630758285522461
286,0.08463949843260188,0.02721774193548387,0.041189931350114416,0.8621710526315789,0.016130924224853516
285,0.08463949843260188,0.02721774193548387,0.041189931350114416,0.8616857394366197,0.03205084800720215
284,0.08463949843260188,0.02721774193548387,0.041189931350114416,0.8611969964664311,0.03156018257141113
283,0.109717868338558,0.03528225806451613,0.05339435545385202,0.8624778368794326,0.0318450927734375
282,0.0875,0.028225806451612902,0.04268292682926829,0.8603202846975089,0.0319974422454834
281,0.0875,0.028225806451612902,0.04268292682926829,0.8598214285714286,0.03205132484436035
280,0.08463949843260188,0.02721774193548387,0.041189931350114416,0.8592069892473119,0.022972822189331055
279,0.109717868338558,0.03528225806451613,0.05339435545385202,0.8604991007194245,0.022353410720825195
278,0.05,0.016129032258064516,0.024390243902439025,0.855595667870036,0.020031213760375977
277,0.05,0.016129032258064516,0.024390243902439025,0.855072463768116,0.019559383392333984
276,0.0875,0.028225806451612902,0.04268292682926829,0.8572727272727273,0.018959760665893555
275,0.0875,0.028225806451612902,0.04268292682926829,0.8567518248175182,0.015825510025024414
274,0.125,0.04032258064516129,0.06097560975609756,0.8589743589743589,0.032004356384277344
273,0.0875,0.028225806451612902,0.04268292682926829,0.8556985294117647,0.016319990158081055
272,0.05,0.016129032258064516,0.024390243902439025,0.8523985239852399,0.021208763122558594
271,0.175,0.056451612903225805,0.08536585365853658,0.8611111111111112,0.02632880210876465
270,0.15,0.04838709677419355,0.07317073170731707,0.8587360594795539,0.021318435668945312
269,0.175,0.056451612903225805,0.08536585365853658,0.8600746268656716,0.04050087928771973
268,0.2,0.06451612903225806,0.0975609756097561,0.8614232209737828,0.02003312110900879
267,0.125,0.04032258064516129,0.06097560975609756,0.8552631578947368,0.016063451766967773
266,0.125,0.04032258064516129,0.06097560975609756,0.8547169811320755,0.03202414512634277
265,0.175,0.056451612903225805,0.08536585365853658,0.8579545454545454,0.01612377166748047
264,0.1375,0.04435483870967742,0.06707317073170732,0.8545627376425855,0.026324987411499023
263,0.175,0.056451612903225805,0.08536585365853658,0.8568702290076335,0.017812252044677734
262,0.15,0.04838709677419355,0.07317073170731707,0.8544061302681992,0.02630782127380371
261,0.15161290322580645,0.05053763440860215,0.07580645161290323,0.8578163771712158,0.021317720413208008
260,0.15161290322580645,0.05053763440860215,0.07580645161290323,0.8572674056545024,0.026775598526000977
259,0.15161290322580645,0.05053763440860215,0.07580645161290323,0.8567141785446362,0.016092777252197266
258,0.08709677419354839,0.02903225806451613,0.043548387096774194,0.8511359357349065,0.03301191329956055
257,0.2032258064516129,0.06774193548387097,0.10161290322580645,0.8596270161290323,0.0317082405090332
256,0.08666666666666667,0.029885057471264367,0.04444444444444444,0.8538562091503268,0.01575160026550293
255,0.08666666666666667,0.029885057471264367,0.04444444444444444,0.8532808398950131,0.04794192314147949
254,0.08666666666666667,0.029885057471264367,0.04444444444444444,0.8527009222661397,0.03616762161254883
253,0.08666666666666667,0.029885057471264367,0.04444444444444444,0.8521164021164022,0.0077893733978271484
252,0.16666666666666666,0.05747126436781609,0.08547008547008546,0.8579017264276229,0.03264117240905762
251,0.16666666666666666,0.05747126436781609,0.08547008547008546,0.8573333333333333,0.004750251770019531
250,0.16666666666666666,0.05747126436781609,0.08547008547008546,0.856760374832664,0.015922069549560547
249,0.16666666666666666,0.05747126436781609,0.08547008547008546,0.8561827956989247,0.019661426544189453
248,0.1505016722408027,0.05172413793103448,0.07698887938408897,0.8543859649122807,0.019516706466674805
247,0.14878892733564014,0.05295566502463054,0.07811080835603997,0.8577235772357723,0.020572185516357422
246,0.14878892733564014,0.05295566502463054,0.07811080835603997,0.8571428571428571,0.02121114730834961
245,0.16206896551724137,0.05788177339901478,0.0852994555353902,0.8575466365178067,0.016413211822509766
244,0.16206896551724137,0.05788177339901478,0.0852994555353902,0.8569604086845466,0.005407571792602539
243,0.1896551724137931,0.06773399014778325,0.0998185117967332,0.8586491878027929,0.02634143829345703
242,0.1896551724137931,0.06773399014778325,0.0998185117967332,0.8580626699098584,0.015726566314697266
241,0.11379310344827587,0.04064039408866995,0.05989110707803993,0.8511494252873564,0.030078887939453125
240,0.11379310344827587,0.04064039408866995,0.05989110707803993,0.8505266195354205,0.017889976501464844
239,0.15172413793103448,0.054187192118226604,0.07985480943738657,0.8530860620110113,0.009659290313720703
238,0.15357142857142858,0.056878306878306875,0.08301158301158301,0.8568414707655214,0.021671295166015625
237,0.15357142857142858,0.056878306878306875,0.08301158301158301,0.8562348668280871,0.02170109748840332
236,0.20357142857142857,0.07539682539682539,0.11003861003861003,0.8598784194528876,0.013326406478881836
235,0.17857142857142858,0.06613756613756613,0.09652509652509651,0.8571428571428571,0.019327402114868164
234,0.16785714285714284,0.062169312169312166,0.09073359073359072,0.8556100551808706,0.016054153442382812
233,0.1,0.037037037037037035,0.05405405405405406,0.8491379310344828,0.01599907875061035
232,0.1,0.037037037037037035,0.05405405405405406,0.8484848484848485,0.015983104705810547
231,0.12857142857142856,0.047619047619047616,0.06949806949806948,0.8503105590062112,0.0056362152099609375
230,0.15714285714285714,0.0582010582010582,0.08494208494208494,0.8521522145976295,0.015897512435913086
229,0.15714285714285714,0.0582010582010582,0.08494208494208494,0.8515037593984962,0.01611018180847168
228,0.060714285714285714,0.022486772486772486,0.03281853281853282,0.84235368156073,0.015999794006347656
227,0.060714285714285714,0.022486772486772486,0.03281853281853282,0.8416561314791403,0.03174948692321777
226,0.060714285714285714,0.022486772486772486,0.03281853281853282,0.840952380952381,0.01586771011352539
225,0.1,0.037037037037037035,0.05405405405405406,0.84375,0.017856836318969727
224,0.08602150537634409,0.031746031746031744,0.0463768115942029,0.8419282511210763,0.02447795867919922
223,0.17985611510791366,0.06613756613756613,0.09671179883945841,0.8497425997425997,0.021373987197875977
222,0.12857142857142856,0.047619047619047616,0.06949806949806948,0.8442146089204913,0.022917985916137695
221,0.05,0.018518518518518517,0.02702702702702703,0.8363636363636363,0.01712799072265625
220,0.05,0.018518518518518517,0.02702702702702703,0.8356164383561644,0.005664348602294922
219,0.025,0.009259259259259259,0.013513513513513514,0.8325688073394495,0.019185781478881836
218,0.05017921146953405,0.018518518518518517,0.027053140096618356,0.8342659644502962,0.01289057731628418
217,0.08960573476702509,0.03306878306878307,0.04830917874396135,0.8371362433862434,0.026688575744628906
216,0.11510791366906475,0.042328042328042326,0.061895551257253385,0.8388704318936877,0.015766620635986328
215,0.08960573476702509,0.03306878306878307,0.04830917874396135,0.8356141522029372,0.015903234481811523
214,0.11510791366906475,0.042328042328042326,0.061895551257253385,0.8373574782025486,0.016149520874023438
213,0.16666666666666666,0.06084656084656084,0.08914728682170543,0.8416442048517521,0.015923500061035156
212,0.16666666666666666,0.06084656084656084,0.08914728682170543,0.8408937034529451,0.023347139358520508
211,0.18050541516245489,0.06613756613756613,0.0968054211035818,0.8413265306122449,0.01616644859313965
210,0.1407942238267148,0.051587301587301584,0.07550822846079382,0.8368079289131921,0.02242136001586914
209,0.14232209737827714,0.05413105413105413,0.0784313725490196,0.8409900284900285,0.015622615814208984
208,0.12686567164179105,0.04843304843304843,0.07010309278350516,0.8386115584183217,0.007801532745361328
207,0.12686567164179105,0.04843304843304843,0.07010309278350516,0.8378281193815175,0.02459239959716797
206,0.08921933085501858,0.03418803418803419,0.04943357363542739,0.8332429990966577,0.01587843894958496
205,0.06296296296296296,0.024216524216524215,0.03497942386831276,0.8297022512708787,0.016256093978881836
204,0.048327137546468404,0.018518518518518517,0.026776519052523172,0.8275862068965517,0.016131162643432617
203,0.11235955056179775,0.042735042735042736,0.06191950464396285,0.8333333333333334,0.01579117774963379
202,0.08582089552238806,0.03276353276353276,0.04742268041237114,0.8297401879491432,0.026801586151123047
201,0.05947955390334572,0.022792022792022793,0.032955715756951595,0.8261111111111111,0.015949487686157227
200,0.10037174721189591,0.038461538461538464,0.055612770339855816,0.8293318444072213,0.03199005126953125
199,0.1821561338289963,0.0698005698005698,0.10092687950566427,0.8367003367003367,0.015686988830566406
198,0.1821561338289963,0.0698005698005698,0.10092687950566427,0.8358714043993232,0.01585078239440918
197,0.23880597014925373,0.09116809116809117,0.13195876288659794,0.8408919123204838,0.032135963439941406
196,0.2441860465116279,0.09692307692307692,0.13876651982378857,0.8457593688362919,0.015770673751831055
195,0.20463320463320464,0.08153846153846153,0.1166116611661166,0.8408009516256939,0.026196002960205078
194,0.20155038759689922,0.08,0.11453744493392072,0.8397768035073735,0.021251201629638672
193,0.2441860465116279,0.09692307692307692,0.13876651982378857,0.8433493589743589,0.02370905876159668
192,0.16216216216216217,0.06461538461538462,0.0924092409240924,0.8338703181635119,0.025615453720092773
191,0.2471042471042471,0.09846153846153846,0.14081408140814083,0.8419028340080972,0.016560792922973633
190,0.2076923076923077,0.08307692307692308,0.11868131868131868,0.8367928367928368,0.028544187545776367
189,0.23552123552123552,0.09384615384615384,0.1342134213421342,0.8389934533551555,0.01856207847595215
188,0.23552123552123552,0.09384615384615384,0.1342134213421342,0.8381324557795146,0.026215314865112305
187,0.19305019305019305,0.07692307692307693,0.11001100110011001,0.8327129859387924,0.01925802230834961
186,0.20463320463320464,0.08153846153846153,0.1166116611661166,0.833056133056133,0.01478123664855957
185,0.16538461538461538,0.06615384615384616,0.09450549450549452,0.8277591973244147,0.016150474548339844
184,0.164,0.06833333333333333,0.09647058823529411,0.8321311475409836,0.016360044479370117
183,0.168,0.07,0.09882352941176471,0.8316483516483516,0.011623144149780273
182,0.112,0.04666666666666667,0.06588235294117646,0.8245303867403315,0.01602768898010254
181,0.168,0.07,0.09882352941176471,0.8297777777777777,0.015801429748535156
180,0.212,0.08833333333333333,0.12470588235294117,0.8337430167597766,0.00559544563293457
179,0.096,0.04,0.05647058823529411,0.8197752808988764,0.015776395797729492
178,0.16666666666666666,0.07246376811594203,0.10101010101010101,0.832391713747646,0.026210784912109375
177,0.0782608695652174,0.03557312252964427,0.04891304347826087,0.8270750988142292,0.020056962966918945
176,0.16521739130434782,0.07509881422924901,0.10326086956521738,0.8360248447204969,0.016184329986572266
175,0.1391304347826087,0.06324110671936758,0.08695652173913042,0.8320839580209896,0.015792369842529297
174,0.1391304347826087,0.06324110671936758,0.08695652173913042,0.8311133450615733,0.011800765991210938
173,0.1318181818181818,0.06277056277056277,0.0850439882697947,0.8350951374207188,0.01605081558227539
172,0.1318181818181818,0.06277056277056277,0.0850439882697947,0.8341307814992025,0.01602959632873535
171,0.20454545454545456,0.09740259740259741,0.13196480938416424,0.841711229946524,0.010422945022583008
170,0.20454545454545456,0.09740259740259741,0.13196480938416424,0.8407746100053792,0.016154766082763672
169,0.20454545454545456,0.09740259740259741,0.13196480938416424,0.8398268398268398,0.0
168,0.17727272727272728,0.08441558441558442,0.11436950146627566,0.8356015242242787,0.010161638259887695
167,0.1761904761904762,0.0880952380952381,0.11746031746031747,0.840504876649455,0.0
166,0.20476190476190476,0.10238095238095238,0.1365079365079365,0.843001443001443,0.016122817993164062
165,0.21,0.11052631578947368,0.14482758620689656,0.848780487804878,0.01614832878112793
164,0.1736842105263158,0.09649122807017543,0.12406015037593986,0.8495318049725541,0.01435542106628418
163,0.1736842105263158,0.09649122807017543,0.12406015037593986,0.8486029889538661,0.011545658111572266
162,0.1736842105263158,0.09649122807017543,0.12406015037593986,0.8476626348479895,0.011619806289672852
161,0.1736842105263158,0.09649122807017543,0.12406015037593986,0.8467105263157895,0.012546539306640625
160,0.12631578947368421,0.07017543859649122,0.09022556390977443,0.8397881496193313,0.010065555572509766
159,0.1736842105263158,0.09649122807017543,0.12406015037593986,0.8447701532311792,0.013487577438354492
158,0.1736842105263158,0.09649122807017543,0.12406015037593986,0.8437814280925243,0.005765438079833984
157,0.12631578947368421,0.07017543859649122,0.09022556390977443,0.8367071524966262,0.01589059829711914
156,0.12631578947368421,0.07017543859649122,0.09022556390977443,0.835653650254669,0.012044906616210938
155,0.09473684210526316,0.05263157894736842,0.06766917293233082,0.8304853041695147,0.0
154,0.1693121693121693,0.0935672514619883,0.12052730696798492,0.8393532851737187,0.015753984451293945
153,0.09473684210526316,0.05263157894736842,0.06766917293233082,0.8282548476454293,0.01598358154296875
152,0.09473684210526316,0.05263157894736842,0.06766917293233082,0.8271174625304984,0.01046299934387207
151,0.09473684210526316,0.05263157894736842,0.06766917293233082,0.8259649122807018,0.0
150,0.09473684210526316,0.05263157894736842,0.06766917293233082,0.8247968915577535,0.01622629165649414
149,0.12631578947368421,0.07017543859649122,0.09022556390977443,0.8278805120910384,0.016152620315551758
148,0.12631578947368421,0.07017543859649122,0.09022556390977443,0.8267096312209095,0.010736942291259766
147,0.1736842105263158,0.09649122807017543,0.12406015037593986,0.8320115356885364,0.005453824996948242
146,0.13756613756613756,0.07602339181286549,0.09792843691148775,0.8261343012704174,0.01618218421936035
145,0.12169312169312169,0.06725146198830409,0.08662900188323916,0.8227339181286549,0.015926122665405273
144,0.22872340425531915,0.12573099415204678,0.16226415094339622,0.8365844681634156,0.010456323623657227
143,0.22459893048128343,0.12280701754385964,0.15879017013232516,0.8350630096367679,0.005541086196899414
142,0.14893617021276595,0.08187134502923976,0.10566037735849056,0.8230683090705487,0.016159772872924805
141,0.026455026455026454,0.014619883040935672,0.018832391713747645,0.8041353383458647,0.0
140,0.14893617021276595,0.08187134502923976,0.10566037735849056,0.8205225293449451,0.008252859115600586
139,0.11229946524064172,0.06140350877192982,0.07939508506616258,0.8142639206712433,0.007799625396728516
138,0.13978494623655913,0.07602339181286549,0.09848484848484848,0.8171340760660776,0.013701438903808594
137,0.12365591397849462,0.06725146198830409,0.08712121212121211,0.8134674922600619,0.0
136,0.15591397849462366,0.0847953216374269,0.10984848484848483,0.8167641325536062,0.01605820655822754
135,0.23728813559322035,0.13725490196078433,0.1739130434782609,0.8345771144278606,0.015758037567138672
134,0.23728813559322035,0.13725490196078433,0.1739130434782609,0.8333333333333334,0.01599907875061035
133,0.23728813559322035,0.13725490196078433,0.1739130434782609,0.8320707070707071,0.0
132,0.15476190476190477,0.09558823529411764,0.11818181818181818,0.8257745846430176,0.005250692367553711
131,0.1301775147928994,0.08088235294117647,0.09977324263038549,0.8203619909502262,0.013863563537597656
130,0.052941176470588235,0.03308823529411765,0.04072398190045249,0.8066575467396261,0.0
129,0.07692307692307693,0.04779411764705882,0.05895691609977324,0.8092830882352942,0.016284942626953125
128,0.07692307692307693,0.04779411764705882,0.05895691609977324,0.8077813802686429,0.016089200973510742
127,0.12578616352201258,0.08333333333333333,0.10025062656641602,0.8219246031746031,0.010373830795288086
126,0.12578616352201258,0.08333333333333333,0.10025062656641602,0.8205,0.005659818649291992
125,0.12578616352201258,0.08333333333333333,0.10025062656641602,0.8190524193548387,0.015944242477416992
124,0.07547169811320754,0.05,0.06015037593984963,0.8094512195121951,0.0
123,0.09554140127388536,0.0625,0.07556675062972293,0.8119877049180327,0.015941381454467773
122,0.19230769230769232,0.125,0.15151515151515152,0.8264462809917356,0.010334253311157227
121,0.11464968152866242,0.075,0.09068010075566751,0.8119791666666667,0.0
120,0.1,0.06666666666666667,0.08,0.8067226890756303,0.01597905158996582
119,0.05,0.03333333333333333,0.04,0.7966101694915254,0.0
118,0.22435897435897437,0.14583333333333334,0.17676767676767677,0.8258547008547008,0.021355390548706055
117,0.1360544217687075,0.09523809523809523,0.11204481792717086,0.8178160919540229,0.004978179931640625
116,0.23129251700680273,0.1619047619047619,0.19047619047619047,0.832463768115942,0.0
115,0.23129251700680273,0.1619047619047619,0.19047619047619047,0.8309941520467836,0.015845060348510742
114,0.17687074829931973,0.12380952380952381,0.14565826330532217,0.8200589970501475,0.0
113,0.07432432432432433,0.05238095238095238,0.06145251396648045,0.8,0.015950918197631836
112,0.07432432432432433,0.05238095238095238,0.06145251396648045,0.7981981981981981,0.01603221893310547
111,0.16216216216216217,0.11428571428571428,0.1340782122905028,0.8121212121212121,0.0
110,0.11409395973154363,0.08095238095238096,0.09470752089136492,0.8012232415902141,0.005672931671142578
109,0.16778523489932887,0.11904761904761904,0.1392757660167131,0.8092592592592592,0.0
108,0.0,0.0,0.0,0.7757009345794392,0.01615619659423828
107,0.14,0.1,0.11666666666666667,0.8,0.0
106,0.08571428571428572,0.06593406593406594,0.07453416149068323,0.7972789115646258,0.0
105,0.08571428571428572,0.06593406593406594,0.07453416149068323,0.7953296703296703,0.015750408172607422
104,0.11428571428571428,0.08791208791208792,0.09937888198757765,0.7988904299583911,0.0
103,0.11428571428571428,0.08791208791208792,0.09937888198757765,0.7969187675070029,0.015938282012939453
102,0.14285714285714285,0.10989010989010989,0.12422360248447205,0.8005657708628006,0.0
101,0.11428571428571428,0.08791208791208792,0.09937888198757765,0.7928571428571428,0.0160214900970459
